{"timestamps": [1611556351.323504, 1611556365.555733, 1611556378.778592, 1611556391.593955, 1611556404.603395], "initial_reset_timestamp": 1611556337.024904, "episode_types": ["t", "t", "t", "t", "t", "t"], "episode_lengths": [65, 65, 60, 58, 59], "episode_rewards": [64.04256529065009, 86.30744418947575, 62.8647766143159, 48.45471608216516, 39.89937992096782]}