{"timestamps": [1611732611.970648, 1611732655.37905, 1611732699.148696, 1611732742.998673, 1611732787.118398, 1611732831.629968], "initial_reset_timestamp": 1611732567.779258, "episode_types": ["t", "t", "t", "t", "t", "t", "t"], "episode_lengths": [200, 199, 200, 200, 200, 200], "episode_rewards": [-17783.396528558205, -15206.420996764145, -21585.437241840027, -15309.758850726192, -21843.709114043737, -21908.010635782346]}