{"timestamps": [1611555774.64936, 1611555788.335038, 1611555801.207853, 1611555812.931811, 1611555825.29069, 1611555836.875988], "initial_reset_timestamp": 1611555761.542991, "episode_types": ["t", "t", "t", "t", "t", "t", "t"], "episode_lengths": [58, 61, 57, 52, 55, 51], "episode_rewards": [48.730852213628, 64.26300504987256, 41.958037935808676, 39.475359583801776, 40.35362224042257, 38.63044087750106]}