{"timestamps": [1607091438.220562, 1607091445.909418, 1607091462.289103, 1607091485.166659, 1607091522.285808], "initial_reset_timestamp": 1607091436.812424, "episode_types": ["t", "t", "t", "t", "t"], "episode_lengths": [2, 27, 40, 31, 66], "episode_rewards": [-199.0, -134.0, -121.0, -114.0, -39.0]}