{"timestamps": [1607091629.997159, 1607091653.529625, 1607091682.632965, 1607091716.882332, 1607091774.444864, 1607091840.191106, 1607091911.59436, 1607092001.102438, 1607092106.771988, 1607092231.610444, 1607092371.330813, 1607092520.243437, 1607092673.259112, 1607092838.037363, 1607093005.237049, 1607093186.847609, 1607093371.397133, 1607093566.778377, 1607093775.352887, 1607093997.727798, 1607094239.618059, 1607094480.615935, 1607094747.371728, 1607095022.411884, 1607095305.994636, 1607095607.732057, 1607095927.838987, 1607096251.908308, 1607096582.484754, 1607096932.275152, 1607097292.606362, 1607097652.721894, 1607098034.033052, 1607098427.426919, 1607098828.660916, 1607099236.588788, 1607099657.34311, 1607100098.257407, 1607100549.658562, 1607101003.408357, 1607101470.260806, 1607101937.371462, 1607102415.597884, 1607102920.906682, 1607103433.862937, 1607103972.00488, 1607104516.606366], "initial_reset_timestamp": 1607091606.84061, "episode_types": ["t", "t", "t", "t", "t", "t", "t", "t", "t", "t", "t", "t", "t", "t", "t", "t", "t", "t", "t", "t", "t", "t", "t", "t", "t", "t", "t", "t", "t", "t", "t", "t", "t", "t", "t", "t", "t", "t", "t", "t", "t", "t", "t", "t", "t", "t", "t"], "episode_lengths": [100, 9, 24, 24, 106, 44, 29, 82, 77, 92, 74, 46, 21, 54, 14, 64, 17, 50, 61, 65, 93, 2, 116, 47, 41, 84, 89, 23, 29, 89, 53, 5, 93, 58, 43, 32, 56, 97, 51, 21, 60, 8, 49, 124, 47, 111, 33], "episode_rewards": [-21.0, -172.0, -137.0, -137.0, -7.0, -117.0, -124.0, -59.0, -24.0, -29.0, -63.0, -119.0, -172.0, -107.0, -171.0, -49.0, -172.0, -103.0, -36.0, -60.0, 0.0, -199.0, -5.0, -114.0, -116.0, -29.0, -24.0, -134.0, -128.0, -28.0, -76.0, -180.0, -24.0, -63.0, -118.0, -117.0, -73.0, -8.0, -66.0, -132.0, -101.0, -177.0, -84.0, -9.0, -106.0, -14.0, -124.0]}